,Age,Sex,PR,SW,z
2,4,Boys,"<0.5",43,"<-3,0"
3,4,Boys,"2.5",57,"-2,00"
4,4,Boys,4,60,"-1,80"
5,4,Boys,6,63,"-1,60"
6,4,Boys,7,65,"-1,50"
7,4,Boys,8,66,"-1,40"
8,4,Boys,10,68,"-1,30"
9,4,Boys,12,69,"-1,20"
10,4,Boys,14,71,"-1,10"
11,4,Boys,16,72,"-1,00"
12,4,Boys,18,73,"-0,90"
13,4,Boys,20,74,"-0,83"
14,4,Boys,22,76,"-0,70"
15,4,Boys,24,77,"-0,65"
16,4,Boys,26,78,"-0,60"
17,4,Boys,28,79,"-0,55"
18,4,Boys,30,79,"-0,50"
19,4,Boys,32,80,"-0,45"
20,4,Boys,34,81,"-0,40"
21,4,Boys,36,82,"-0,35"
22,4,Boys,38,82,"-0,30"
23,4,Boys,40,83,"-0,25"
24,4,Boys,42,84,"-0,20"
25,4,Boys,44,84,"-0,15"
26,4,Boys,46,85,"-0,10"
27,4,Boys,48,86,"-0,05"
28,4,Boys,50,87,"0,00"
29,4,Boys,52,87,"0,05"
30,4,Boys,54,88,"0,10"
31,4,Boys,56,89,"0,15"
32,4,Boys,58,90,"0,20"
33,4,Boys,60,90,"0,25"
34,4,Boys,62,91,"0,30"
35,4,Boys,64,92,"0,35"
36,4,Boys,66,93,"0,40"
37,4,Boys,68,93,"0,45"
38,4,Boys,70,94,"0,50"
39,4,Boys,72,95,"0,55"
40,4,Boys,74,95,"0,60"
41,4,Boys,76,96,"0,65"
42,4,Boys,78,97,"0,70"
43,4,Boys,80,99,"0,83"
44,4,Boys,82,100,"0,90"
45,4,Boys,84,101,"1,00"
46,4,Boys,86,103,"1,10"
47,4,Boys,88,104,"1,20"
48,4,Boys,90,106,"1,30"
49,4,Boys,92,107,"1,40"
50,4,Boys,93,109,"1,50"
51,4,Boys,94,110,"1,60"
52,4,Boys,96,113,"1,80"
53,4,Boys,"97.5",116,"2,00"
54,4,Boys,">99.5",131,">3,0"
55,5,Boys,"<0.5",52,"<-3,0"
56,5,Boys,"2.5",68,"-2,00"
57,5,Boys,4,72,"-1,80"
58,5,Boys,6,75,"-1,60"
59,5,Boys,7,76,"-1,50"
60,5,Boys,8,78,"-1,40"
61,5,Boys,10,80,"-1,30"
62.5,Boys,12,81,"-1,20"
63,5,Boys,14,83,"-1,10"
64,5,Boys,16,85,"-1,00"
65,5,Boys,18,86,"-0,90"
66,5,Boys,20,87,"-0,83"
67,5,Boys,22,89,"-0,70"
68,5,Boys,24,90,"-0,65"
69,5,Boys,26,91,"-0,60"
70,5,Boys,28,92,"-0,55"
71,5,Boys,30,93,"-0,50"
72.5,Boys,32,93,"-0,45"
73,5,Boys,34,94,"-0,40"
74,5,Boys,36,95,"-0,35"
75,5,Boys,38,96,"-0,30"
76,5,Boys,40,96,"-0,25"
77,5,Boys,42,97,"-0,20"
78,5,Boys,44,98,"-0,15"
79,5,Boys,46,99,"-0,10"
80,5,Boys,48,100,"-0,05"
81,5,Boys,50,101,"0,00"
82.5,Boys,52,101,"0,05"
83,5,Boys,54,102,"0,10"
84,5,Boys,56,103,"0,15"
85,5,Boys,58,104,"0,20"
86,5,Boys,60,104,"0,25"
87,5,Boys,62,105,"0,30"
88,5,Boys,64,106,"0,35"
89,5,Boys,66,107,"0,40"
90,5,Boys,68,108,"0,45"
91,5,Boys,70,109,"0,50"
92.5,Boys,72,110,"0,55"
93,5,Boys,74,110,"0,60"
94,5,Boys,76,111,"0,65"
95,5,Boys,78,112,"0,70"
96,5,Boys,80,114,"0,83"
97,5,Boys,82,115,"0,90"
98,5,Boys,84,117,"1,00"
99,5,Boys,86,118,"1,10"
100,5,Boys,88,120,"1,20"
101,5,Boys,90,122,"1,30"
102.5,Boys,92,123,"1,40"
103,5,Boys,93,125,"1,50"
104,5,Boys,94,126,"1,60"
105,5,Boys,96,130,"1,80"
106,5,Boys,"97.5",133,"2,00"
107,5,Boys,">99.5",149,">3,0"
108,6,Boys,"<0.5",57,"<-3,0"
109,6,Boys,"2.5",75,"-2,00"
110,6,Boys,4,78,"-1,80"
111,6,Boys,6,82,"-1,60"
112,6,Boys,7,83,"-1,50"
113,6,Boys,8,85,"-1,40"
114,6,Boys,10,87,"-1,30"
115,6,Boys,12,89,"-1,20"
116,6,Boys,14,90,"-1,10"
117,6,Boys,16,92,"-1,00"
118,6,Boys,18,94,"-0,90"
119,6,Boys,20,95,"-0,83"
120,6,Boys,22,97,"-0,70"
121,6,Boys,24,98,"-0,65"
122,6,Boys,26,99,"-0,60"
123,6,Boys,28,100,"-0,55"
124,6,Boys,30,101,"-0,50"
125,6,Boys,32,102,"-0,45"
126,6,Boys,34,103,"-0,40"
127,6,Boys,36,104,"-0,35"
128,6,Boys,38,104,"-0,30"
129,6,Boys,40,105,"-0,25"
130,6,Boys,42,106,"-0,20"
131,6,Boys,44,107,"-0,15"
132,6,Boys,46,108,"-0,10"
133,6,Boys,48,109,"-0,05"
134,6,Boys,50,110,"0,00"
135,6,Boys,52,111,"0,05"
136,6,Boys,54,111,"0,10"
137,6,Boys,56,112,"0,15"
138,6,Boys,58,113,"0,20"
139,6,Boys,60,114,"0,25"
140,6,Boys,62,115,"0,30"
141,6,Boys,64,116,"0,35"
142,6,Boys,66,117,"0,40"
143,6,Boys,68,118,"0,45"
144,6,Boys,70,118,"0,50"
145,6,Boys,72,119,"0,55"
146,6,Boys,74,120,"0,60"
147,6,Boys,76,121,"0,65"
148,6,Boys,78,122,"0,70"
149,6,Boys,80,124,"0,83"
150,6,Boys,82,125,"0,90"
151,6,Boys,84,127,"1,00"
152,6,Boys,86,129,"1,10"
153,6,Boys,88,131,"1,20"
154,6,Boys,90,132,"1,30"
155,6,Boys,92,134,"1,40"
156,6,Boys,93,136,"1,50"
157,6,Boys,94,138,"1,60"
158,6,Boys,96,141,"1,80"
159,6,Boys,"97.5",145,"2,00"
160,6,Boys,">99.5",162,">3,0"
161,7,Boys,"<0.5",62,"<-3,0"
162,7,Boys,"2.5",81,"-2,00"
163,7,Boys,4,84,"-1,80"
164,7,Boys,6,88,"-1,60"
165,7,Boys,7,90,"-1,50"
166,7,Boys,8,92,"-1,40"
167,7,Boys,10,94,"-1,30"
168,7,Boys,12,96,"-1,20"
169,7,Boys,14,98,"-1,10"
170,7,Boys,16,100,"-1,00"
171,7,Boys,18,102,"-0,90"
172,7,Boys,20,103,"-0,83"
173,7,Boys,22,105,"-0,70"
174,7,Boys,24,106,"-0,65"
175,7,Boys,26,107,"-0,60"
176,7,Boys,28,108,"-0,55"
177,7,Boys,30,109,"-0,50"
178,7,Boys,32,110,"-0,45"
179,7,Boys,34,111,"-0,40"
180,7,Boys,36,112,"-0,35"
181,7,Boys,38,113,"-0,30"
182,7,Boys,40,114,"-0,25"
183,7,Boys,42,115,"-0,20"
184,7,Boys,44,116,"-0,15"
185,7,Boys,46,117,"-0,10"
186,7,Boys,48,118,"-0,05"
187,7,Boys,50,119,"0,00"
188,7,Boys,52,120,"0,05"
189,7,Boys,54,121,"0,10"
190,7,Boys,56,122,"0,15"
191,7,Boys,58,122,"0,20"
192,7,Boys,60,123,"0,25"
193,7,Boys,62,124,"0,30"
194,7,Boys,64,125,"0,35"
195,7,Boys,66,126,"0,40"
196,7,Boys,68,127,"0,45"
197,7,Boys,70,128,"0,50"
198,7,Boys,72,129,"0,55"
199,7,Boys,74,130,"0,60"
200,7,Boys,76,131,"0,65"
201,7,Boys,78,132,"0,70"
202,7,Boys,80,135,"0,83"
203,7,Boys,82,136,"0,90"
204,7,Boys,84,138,"1,00"
205,7,Boys,86,140,"1,10"
206,7,Boys,88,141,"1,20"
207,7,Boys,90,143,"1,30"
208,7,Boys,92,145,"1,40"
209,7,Boys,93,147,"1,50"
210,7,Boys,94,149,"1,60"
211,7,Boys,96,153,"1,80"
212,7,Boys,"97.5",157,"2,00"
213,7,Boys,">99.5",176,">3,0"
214,8,Boys,"<0.5",66,"<-3,0"
215,8,Boys,"2.5",87,"-2,00"
216,8,Boys,4,91,"-1,80"
217,8,Boys,6,95,"-1,60"
218,8,Boys,7,97,"-1,50"
219,8,Boys,8,99,"-1,40"
220,8,Boys,10,101,"-1,30"
221,8,Boys,12,103,"-1,20"
222,8,Boys,14,105,"-1,10"
223,8,Boys,16,107,"-1,00"
224,8,Boys,18,109,"-0,90"
225,8,Boys,20,111,"-0,83"
226,8,Boys,22,113,"-0,70"
227,8,Boys,24,114,"-0,65"
228,8,Boys,26,115,"-0,60"
229,8,Boys,28,116,"-0,55"
230,8,Boys,30,117,"-0,50"
231,8,Boys,32,118,"-0,45"
232,8,Boys,34,119,"-0,40"
233,8,Boys,36,121,"-0,35"
234,8,Boys,38,122,"-0,30"
235,8,Boys,40,123,"-0,25"
236,8,Boys,42,124,"-0,20"
237,8,Boys,44,125,"-0,15"
238,8,Boys,46,126,"-0,10"
239,8,Boys,48,127,"-0,05"
240,8,Boys,50,128,"0,00"
241,8,Boys,52,129,"0,05"
242,8,Boys,54,130,"0,10"
243,8,Boys,56,131,"0,15"
244,8,Boys,58,132,"0,20"
245,8,Boys,60,133,"0,25"
246,8,Boys,62,134,"0,30"
247,8,Boys,64,135,"0,35"
248,8,Boys,66,136,"0,40"
249,8,Boys,68,137,"0,45"
250,8,Boys,70,138,"0,50"
251,8,Boys,72,139,"0,55"
252,8,Boys,74,140,"0,60"
253,8,Boys,76,141,"0,65"
254,8,Boys,78,142,"0,70"
255,8,Boys,80,145,"0,83"
256,8,Boys,82,146,"0,90"
257,8,Boys,84,148,"1,00"
258,8,Boys,86,150,"1,10"
259,8,Boys,88,152,"1,20"
260,8,Boys,90,154,"1,30"
261,8,Boys,92,156,"1,40"
262,8,Boys,93,158,"1,50"
263,8,Boys,94,160,"1,60"
264,8,Boys,96,164,"1,80"
265,8,Boys,"97,5",169,"2,00"
266,8,Boys,">99.5",189,">3,0"
267,9,Boys,"<0.5",71,"<-3,0"
268,9,Boys,"2.5",93,"-2,00"
269,9,Boys,4,97,"-1,80"
270,9,Boys,6,102,"-1,60"
271,9,Boys,7,104,"-1,50"
272,9,Boys,8,106,"-1,40"
273,9,Boys,10,108,"-1,30"
274,9,Boys,12,110,"-1,20"
275,9,Boys,14,113,"-1,10"
276,9,Boys,16,115,"-1,00"
277,9,Boys,18,117,"-0,90"
278,9,Boys,20,119,"-0,83"
279,9,Boys,22,121,"-0,70"
280,9,Boys,24,122,"-0,65"
281,9,Boys,26,124,"-0,60"
282,9,Boys,28,125,"-0,55"
283,9,Boys,30,126,"-0,50"
284,9,Boys,32,127,"-0,45"
285,9,Boys,34,128,"-0,40"
286,9,Boys,36,129,"-0,35"
287,9,Boys,38,130,"-0,30"
288,9,Boys,40,131,"-0,25"
289,9,Boys,42,132,"-0,20"
290,9,Boys,44,133,"-0,15"
291,9,Boys,46,134,"-0,10"
292,9,Boys,48,136,"-0,05"
293,9,Boys,50,137,"0,00"
294,9,Boys,52,138,"0,05"
295,9,Boys,54,139,"0,10"
296,9,Boys,56,140,"0,15"
297,9,Boys,58,141,"0,20"
298,9,Boys,60,142,"0,25"
299,9,Boys,62,143,"0,30"
300,9,Boys,64,144,"0,35"
301,9,Boys,66,145,"0,40"
302,9,Boys,68,147,"0,45"
303,9,Boys,70,148,"0,50"
304,9,Boys,72,149,"0,55"
305,9,Boys,74,150,"0,60"
306,9,Boys,76,151,"0,65"
307,9,Boys,78,152,"0,70"
308,9,Boys,80,155,"0,83"
309,9,Boys,82,156,"0,90"
310,9,Boys,84,159,"1,00"
311,9,Boys,86,161,"1,10"
312,9,Boys,88,163,"1,20"
313,9,Boys,90,165,"1,30"
314,9,Boys,92,167,"1,40"
315,9,Boys,93,169,"1,50"
316,9,Boys,94,172,"1,60"
317,9,Boys,96,176,"1,80"
318,9,Boys,"97,5",180,"2,00"
319,9,Boys,">99.5",202,">3,0"
320,10,Boys,"<0.5",76,"<-3,0"
321,10,Boys,"2.5",99,"-2,00"
322,10,Boys,4,104,"-1,80"
323,10,Boys,6,108,"-1,60"
324,10,Boys,7,111,"-1,50"
325,10,Boys,8,113,"-1,40"
326,10,Boys,10,115,"-1,30"
327,10,Boys,12,118,"-1,20"
328,10,Boys,14,120,"-1,10"
329,10,Boys,16,122,"-1,00"
330,10,Boys,18,125,"-0,90"
331,10,Boys,20,126,"-0,83"
332,10,Boys,22,129,"-0,70"
333,10,Boys,24,131,"-0,65"
334,10,Boys,26,132,"-0,60"
335,10,Boys,28,133,"-0,55"
336,10,Boys,30,134,"-0,50"
337,10,Boys,32,135,"-0,45"
338,10,Boys,34,136,"-0,40"
339,10,Boys,36,138,"-0,35"
340,10,Boys,38,139,"-0,30"
341,10,Boys,40,140,"-0,25"
342,10,Boys,42,141,"-0,20"
343,10,Boys,44,142,"-0,15"
344,10,Boys,46,143,"-0,10"
345,10,Boys,48,145,"-0,05"
346,10,Boys,50,146,"0,00"
347,10,Boys,52,147,"0,05"
348,10,Boys,54,148,"0,10"
349,10,Boys,56,149,"0,15"
350,10,Boys,58,150,"0,20"
351,10,Boys,60,151,"0,25"
352,10,Boys,62,153,"0,30"
353,10,Boys,64,154,"0,35"
354,10,Boys,66,155,"0,40"
355,10,Boys,68,156,"0,45"
356,10,Boys,70,157,"0,50"
357,10,Boys,72,158,"0,55"
358,10,Boys,74,160,"0,60"
359,10,Boys,76,161,"0,65"
360,10,Boys,78,162,"0,70"
361,10,Boys,80,165,"0,83"
362,10,Boys,82,167,"0,90"
363,10,Boys,84,169,"1,00"
364,10,Boys,86,171,"1,10"
365,10,Boys,88,174,"1,20"
366,10,Boys,90,176,"1,30"
367,10,Boys,92,178,"1,40"
368,10,Boys,93,181,"1,50"
369,10,Boys,94,183,"1,60"
370,10,Boys,96,188,"1,80"
371,10,Boys,"97,5",192,"2,00"
372,10,Boys,">99.5",216,">3,0"
373,11,Boys,"<0.5",94,"<-3,0"
374,11,Boys,"2.5",114,"-2,00"
375,11,Boys,4,118,"-1,80"
376,11,Boys,6,123,"-1,60"
377,11,Boys,7,125,"-1,50"
378,11,Boys,8,127,"-1,40"
379,11,Boys,10,129,"-1,30"
380,11,Boys,12,131,"-1,20"
381,11,Boys,14,133,"-1,10"
382,11,Boys,16,135,"-1,00"
383,11,Boys,18,137,"-0,90"
384,11,Boys,20,138,"-0,83"
385,11,Boys,22,141,"-0,70"
386,11,Boys,24,142,"-0,65"
387,11,Boys,26,143,"-0,60"
388,11,Boys,28,144,"-0,55"
389,11,Boys,30,145,"-0,50"
390,11,Boys,32,146,"-0,45"
391,11,Boys,34,147,"-0,40"
392,11,Boys,36,148,"-0,35"
393,11,Boys,38,149,"-0,30"
394,11,Boys,40,150,"-0,25"
395,11,Boys,42,151,"-0,20"
396,11,Boys,44,152,"-0,15"
397,11,Boys,46,153,"-0,10"
398,11,Boys,48,154,"-0,05"
399,11,Boys,50,155,"0,00"
400,11,Boys,52,156,"0,05"
401,11,Boys,54,157,"0,10"
402,11,Boys,56,158,"0,15"
403,11,Boys,58,159,"0,20"
404,11,Boys,60,160,"0,25"
405,11,Boys,62,161,"0,30"
406,11,Boys,64,162,"0,35"
407,11,Boys,66,163,"0,40"
408,11,Boys,68,164,"0,45"
409,11,Boys,70,165,"0,50"
410,11,Boys,72,166,"0,55"
411,11,Boys,74,167,"0,60"
412,11,Boys,76,168,"0,65"
413,11,Boys,78,169,"0,70"
414,11,Boys,80,171,"0,83"
415,11,Boys,82,173,"0,90"
416,11,Boys,84,175,"1,00"
417,11,Boys,86,177,"1,10"
418,11,Boys,88,179,"1,20"
419,11,Boys,90,181,"1,30"
420,11,Boys,92,183,"1,40"
421,11,Boys,93,185,"1,50"
422,11,Boys,94,187,"1,60"
423,11,Boys,96,191,"1,80"
424,11,Boys,"97,5",195,"2,00"
425,11,Boys,">99.5",215,">3,0"
426,12,Boys,"<0.5",100,"<-3,0"
427,12,Boys,"2.5",121,"-2,00"
428,12,Boys,4,125,"-1,80"
429,12,Boys,6,130,"-1,60"
430,12,Boys,7,132,"-1,50"
431,12,Boys,8,134,"-1,40"
432,12,Boys,10,136,"-1,30"
433,12,Boys,12,138,"-1,20"
434,12,Boys,14,140,"-1,10"
435,12,Boys,16,142,"-1,00"
436,12,Boys,18,145,"-0,90"
437,12,Boys,20,146,"-0,83"
438,12,Boys,22,149,"-0,70"
439,12,Boys,24,150,"-0,65"
440,12,Boys,26,151,"-0,60"
441,12,Boys,28,152,"-0,55"
442,12,Boys,30,153,"-0,50"
443,12,Boys,32,154,"-0,45"
444,12,Boys,34,155,"-0,40"
445,12,Boys,36,156,"-0,35"
446,12,Boys,38,157,"-0,30"
447,12,Boys,40,158,"-0,25"
448,12,Boys,42,159,"-0,20"
449,12,Boys,44,160,"-0,15"
450,12,Boys,46,162,"-0,10"
451,12,Boys,48,163,"-0,05"
452,12,Boys,50,164,"0,00"
453,12,Boys,52,165,"0,05"
454,12,Boys,54,166,"0,10"
455,12,Boys,56,167,"0,15"
456,12,Boys,58,168,"0,20"
457,12,Boys,60,169,"0,25"
458,12,Boys,62,170,"0,30"
459,12,Boys,64,171,"0,35"
460,12,Boys,66,172,"0,40"
461,12,Boys,68,173,"0,45"
462,12,Boys,70,174,"0,50"
463,12,Boys,72,175,"0,55"
464,12,Boys,74,176,"0,60"
465,12,Boys,76,178,"0,65"
466,12,Boys,78,179,"0,70"
467,12,Boys,80,181,"0,83"
468,12,Boys,82,183,"0,90"
469,12,Boys,84,185,"1,00"
470,12,Boys,86,187,"1,10"
471,12,Boys,88,189,"1,20"
472,12,Boys,90,191,"1,30"
473,12,Boys,92,193,"1,40"
474,12,Boys,93,196,"1,50"
475,12,Boys,94,198,"1,60"
476,12,Boys,96,202,"1,80"
477,12,Boys,"97,5",206,"2,00"
478,12,Boys,">99.5",228,">3,0"
479,13,Boys,"<0.5",105,"<-3,0"
480,13,Boys,"2.5",128,"-2,00"
481,13,Boys,4,132,"-1,80"
482,13,Boys,6,137,"-1,60"
483,13,Boys,7,139,"-1,50"
484,13,Boys,8,141,"-1,40"
485,13,Boys,10,143,"-1,30"
486,13,Boys,12,146,"-1,20"
487,13,Boys,14,148,"-1,10"
488,13,Boys,16,150,"-1,00"
489,13,Boys,18,152,"-0,90"
490,13,Boys,20,154,"-0,83"
491,13,Boys,22,157,"-0,70"
492,13,Boys,24,158,"-0,65"
493,13,Boys,26,159,"-0,60"
494,13,Boys,28,160,"-0,55"
495,13,Boys,30,161,"-0,50"
496,13,Boys,32,163,"-0,45"
497,13,Boys,34,164,"-0,40"
498,13,Boys,36,165,"-0,35"
499,13,Boys,38,166,"-0,30"
500,13,Boys,40,167,"-0,25"
501,13,Boys,42,168,"-0,20"
502,13,Boys,44,169,"-0,15"
503,13,Boys,46,170,"-0,10"
504,13,Boys,48,172,"-0,05"
505,13,Boys,50,173,"0,00"
506,13,Boys,52,174,"0,05"
507,13,Boys,54,175,"0,10"
508,13,Boys,56,176,"0,15"
509,13,Boys,58,177,"0,20"
510,13,Boys,60,178,"0,25"
511,13,Boys,62,179,"0,30"
512,13,Boys,64,181,"0,35"
513,13,Boys,66,182,"0,40"
514,13,Boys,68,183,"0,45"
515,13,Boys,70,184,"0,50"
516,13,Boys,72,185,"0,55"
517,13,Boys,74,186,"0,60"
518,13,Boys,76,187,"0,65"
519,13,Boys,78,188,"0,70"
520,13,Boys,80,191,"0,83"
521,13,Boys,82,193,"0,90"
522,13,Boys,84,195,"1,00"
523,13,Boys,86,197,"1,10"
524,13,Boys,88,200,"1,20"
525,13,Boys,90,202,"1,30"
526,13,Boys,92,204,"1,40"
527,13,Boys,93,206,"1,50"
528,13,Boys,94,209,"1,60"
529,13,Boys,96,213,"1,80"
530,13,Boys,"97,5",218,"2,00"
531,13,Boys,">99.5",240,">3,0"
532,14,Boys,"<0.5",111,"<-3,0"
533,14,Boys,"2.5",134,"-2,00"
534,14,Boys,4,139,"-1,80"
535,14,Boys,6,144,"-1,60"
536,14,Boys,7,146,"-1,50"
537,14,Boys,8,149,"-1,40"
538,14,Boys,10,151,"-1,30"
539,14,Boys,12,153,"-1,20"
540,14,Boys,14,156,"-1,10"
541,14,Boys,16,158,"-1,00"
542,14,Boys,18,160,"-0,90"
543,14,Boys,20,162,"-0,83"
544,14,Boys,22,165,"-0,70"
545,14,Boys,24,166,"-0,65"
546,14,Boys,26,168,"-0,60"
547,14,Boys,28,169,"-0,55"
548,14,Boys,30,170,"-0,50"
549,14,Boys,32,171,"-0,45"
550,14,Boys,34,172,"-0,40"
551,14,Boys,36,173,"-0,35"
552,14,Boys,38,175,"-0,30"
553,14,Boys,40,176,"-0,25"
554,14,Boys,42,177,"-0,20"
555,14,Boys,44,178,"-0,15"
556,14,Boys,46,179,"-0,10"
557,14,Boys,48,180,"-0,05"
558,14,Boys,50,182,"0,00"
559,14,Boys,52,183,"0,05"
560,14,Boys,54,184,"0,10"
561,14,Boys,56,185,"0,15"
562,14,Boys,58,186,"0,20"
563,14,Boys,60,188,"0,25"
564,14,Boys,62,189,"0,30"
565,14,Boys,64,190,"0,35"
566,14,Boys,66,191,"0,40"
567,14,Boys,68,192,"0,45"
568,14,Boys,70,193,"0,50"
569,14,Boys,72,195,"0,55"
570,14,Boys,74,196,"0,60"
571,14,Boys,76,197,"0,65"
572,14,Boys,78,198,"0,70"
573,14,Boys,80,201,"0,83"
574,14,Boys,82,203,"0,90"
575,14,Boys,84,205,"1,00"
576,14,Boys,86,208,"1,10"
577,14,Boys,88,210,"1,20"
578,14,Boys,90,212,"1,30"
579,14,Boys,92,215,"1,40"
580,14,Boys,93,217,"1,50"
581,14,Boys,94,219,"1,60"
582,14,Boys,96,224,"1,80"
583,14,Boys,"97,5",229,"2,00"
584,14,Boys,">99.5",253,">3,0"
585,15,Boys,"<0.5",116,"<-3,0"
586,15,Boys,"2.5",141,"-2,00"
587,15,Boys,4,146,"-1,80"
588,15,Boys,6,151,"-1,60"
589,15,Boys,7,153,"-1,50"
590,15,Boys,8,156,"-1,40"
591,15,Boys,10,158,"-1,30"
592,15,Boys,12,161,"-1,20"
593,15,Boys,14,163,"-1,10"
594,15,Boys,16,166,"-1,00"
595,15,Boys,18,168,"-0,90"
596,15,Boys,20,170,"-0,83"
597,15,Boys,22,173,"-0,70"
598,15,Boys,24,175,"-0,65"
599,15,Boys,26,176,"-0,60"
600,15,Boys,28,177,"-0,55"
601,15,Boys,30,178,"-0,50"
602,15,Boys,32,180,"-0,45"
603,15,Boys,34,181,"-0,40"
604,15,Boys,36,182,"-0,35"
605,15,Boys,38,183,"-0,30"
606,15,Boys,40,184,"-0,25"
607,15,Boys,42,186,"-0,20"
608,15,Boys,44,187,"-0,15"
609,15,Boys,46,188,"-0,10"
610,15,Boys,48,189,"-0,05"
611,15,Boys,50,191,"0,00"
612,15,Boys,52,192,"0,05"
613,15,Boys,54,193,"0,10"
614,15,Boys,56,194,"0,15"
615,15,Boys,58,196,"0,20"
616,15,Boys,60,197,"0,25"
617,15,Boys,62,198,"0,30"
618,15,Boys,64,199,"0,35"
619,15,Boys,66,201,"0,40"
620,15,Boys,68,202,"0,45"
621,15,Boys,70,203,"0,50"
622,15,Boys,72,204,"0,55"
623,15,Boys,74,206,"0,60"
624,15,Boys,76,207,"0,65"
625,15,Boys,78,208,"0,70"
626,15,Boys,80,211,"0,83"
627,15,Boys,82,213,"0,90"
628,15,Boys,84,215,"1,00"
629,15,Boys,86,218,"1,10"
630,15,Boys,88,220,"1,20"
631,15,Boys,90,223,"1,30"
632,15,Boys,92,225,"1,40"
633,15,Boys,93,228,"1,50"
634,15,Boys,94,230,"1,60"
635,15,Boys,96,235,"1,80"
636,15,Boys,"97,5",240,"2,00"
637,15,Boys,">99.5",265,">3,0"
638,16,Boys,"<0.5",122,"<-3,0"
639,16,Boys,"2.5",148,"-2,00"
640,16,Boys,4,153,"-1,80"
641,16,Boys,6,158,"-1,60"
642,16,Boys,7,161,"-1,50"
643,16,Boys,8,163,"-1,40"
644,16,Boys,10,166,"-1,30"
645,16,Boys,12,169,"-1,20"
646,16,Boys,14,171,"-1,10"
647,16,Boys,16,174,"-1,00"
648,16,Boys,18,176,"-0,90"
649,16,Boys,20,178,"-0,83"
650,16,Boys,22,182,"-0,70"
651,16,Boys,24,183,"-0,65"
652,16,Boys,26,184,"-0,60"
653,16,Boys,28,185,"-0,55"
654,16,Boys,30,187,"-0,50"
655,16,Boys,32,188,"-0,45"
656,16,Boys,34,189,"-0,40"
657,16,Boys,36,191,"-0,35"
658,16,Boys,38,192,"-0,30"
659,16,Boys,40,193,"-0,25"
660,16,Boys,42,194,"-0,20"
661,16,Boys,44,196,"-0,15"
662,16,Boys,46,197,"-0,10"
663,16,Boys,48,198,"-0,05"
664,16,Boys,50,200,"0,00"
665,16,Boys,52,201,"0,05"
666,16,Boys,54,202,"0,10"
667,16,Boys,56,204,"0,15"
668,16,Boys,58,205,"0,20"
669,16,Boys,60,206,"0,25"
670,16,Boys,62,207,"0,30"
671,16,Boys,64,209,"0,35"
672,16,Boys,66,210,"0,40"
673,16,Boys,68,211,"0,45"
674,16,Boys,70,213,"0,50"
675,16,Boys,72,214,"0,55"
676,16,Boys,74,215,"0,60"
677,16,Boys,76,217,"0,65"
678,16,Boys,78,218,"0,70"
679,16,Boys,80,221,"0,83"
680,16,Boys,82,223,"0,90"
681,16,Boys,84,226,"1,00"
682,16,Boys,86,228,"1,10"
683,16,Boys,88,231,"1,20"
684,16,Boys,90,233,"1,30"
685,16,Boys,92,236,"1,40"
686,16,Boys,93,239,"1,50"
687,16,Boys,94,241,"1,60"
688,16,Boys,96,246,"1,80"
689,16,Boys,"97,5",252,"2,00"
690,16,Boys,">99.5",278,">3,0"
691,17,Boys,"<0.5",127,"<-3,0"
692,17,Boys,"2.5",154,"-2,00"
693,17,Boys,4,160,"-1,80"
694,17,Boys,6,165,"-1,60"
695,17,Boys,7,168,"-1,50"
696,17,Boys,8,171,"-1,40"
697,17,Boys,10,173,"-1,30"
698,17,Boys,12,176,"-1,20"
699,17,Boys,14,179,"-1,10"
700,17,Boys,16,182,"-1,00"
701,17,Boys,18,184,"-0,90"
702,17,Boys,20,186,"-0,83"
703,17,Boys,22,190,"-0,70"
704,17,Boys,24,191,"-0,65"
705,17,Boys,26,192,"-0,60"
706,17,Boys,28,194,"-0,55"
707,17,Boys,30,195,"-0,50"
708,17,Boys,32,196,"-0,45"
709,17,Boys,34,198,"-0,40"
710,17,Boys,36,199,"-0,35"
711,17,Boys,38,201,"-0,30"
712,17,Boys,40,202,"-0,25"
713,17,Boys,42,203,"-0,20"
714,17,Boys,44,205,"-0,15"
715,17,Boys,46,206,"-0,10"
716,17,Boys,48,207,"-0,05"
717,17,Boys,50,209,"0,00"
718,17,Boys,52,210,"0,05"
719,17,Boys,54,211,"0,10"
720,17,Boys,56,213,"0,15"
721,17,Boys,58,214,"0,20"
722,17,Boys,60,215,"0,25"
723,17,Boys,62,217,"0,30"
724,17,Boys,64,218,"0,35"
725,17,Boys,66,220,"0,40"
726,17,Boys,68,221,"0,45"
727,17,Boys,70,222,"0,50"
728,17,Boys,72,224,"0,55"
729,17,Boys,74,225,"0,60"
730,17,Boys,76,226,"0,65"
731,17,Boys,78,228,"0,70"
732,17,Boys,80,231,"0,83"
733,17,Boys,82,233,"0,90"
734,17,Boys,84,236,"1,00"
735,17,Boys,86,239,"1,10"
736,17,Boys,88,241,"1,20"
737,17,Boys,90,244,"1,30"
738,17,Boys,92,247,"1,40"
739,17,Boys,93,249,"1,50"
740,17,Boys,94,252,"1,60"
741,17,Boys,96,258,"1,80"
742,17,Boys,"97,5",263,"2,00"
743,17,Boys,">99.5",290,">3,0"
744,4,Girls,"<0.5",35,"<-3,0"
745,4,Girls,"2.5",49,"-2,00"
746,4,Girls,4,52,"-1,80"
747,4,Girls,6,55,"-1,60"
748,4,Girls,7,56,"-1,50"
749,4,Girls,8,58,"-1,40"
750,4,Girls,10,59,"-1,30"
751,4,Girls,12,61,"-1,20"
752,4,Girls,14,62,"-1,10"
753,4,Girls,16,63,"-1,00"
754,4,Girls,18,65,"-0,90"
755,4,Girls,20,66,"-0,83"
756,4,Girls,22,68,"-0,70"
757,4,Girls,24,68,"-0,65"
758,4,Girls,26,69,"-0,60"
759,4,Girls,28,70,"-0,55"
760,4,Girls,30,70,"-0,50"
761,4,Girls,32,71,"-0,45"
762,4,Girls,34,72,"-0,40"
763,4,Girls,36,73,"-0,35"
764,4,Girls,38,73,"-0,30"
765,4,Girls,40,74,"-0,25"
766,4,Girls,42,75,"-0,20"
767,4,Girls,44,75,"-0,15"
768,4,Girls,46,76,"-0,10"
769,4,Girls,48,77,"-0,05"
770,4,Girls,50,77,"0,00"
771,4,Girls,52,78,"0,05"
772,4,Girls,54,79,"0,10"
773,4,Girls,56,80,"0,15"
774,4,Girls,58,80,"0,20"
775,4,Girls,60,81,"0,25"
776,4,Girls,62,82,"0,30"
777,4,Girls,64,82,"0,35"
778,4,Girls,66,83,"0,40"
779,4,Girls,68,84,"0,45"
780,4,Girls,70,84,"0,50"
781,4,Girls,72,85,"0,55"
782,4,Girls,74,86,"0,60"
783,4,Girls,76,87,"0,65"
784,4,Girls,78,87,"0,70"
785,4,Girls,80,89,"0,83"
786,4,Girls,82,90,"0,90"
787,4,Girls,84,91,"1,00"
788,4,Girls,86,93,"1,10"
789,4,Girls,88,94,"1,20"
790,4,Girls,90,96,"1,30"
791,4,Girls,92,97,"1,40"
792,4,Girls,93,98,"1,50"
793,4,Girls,94,100,"1,60"
794,4,Girls,96,103,"1,80"
795,4,Girls,"97,5",105,"2,00"
796,4,Girls,">99.5",119,">3,0"
797,5,Girls,"<0.5",50,"<-3,0"
798,5,Girls,"2.5",65,"-2,00"
799,5,Girls,4,68,"-1,80"
800,5,Girls,6,71,"-1,60"
801,5,Girls,7,73,"-1,50"
802.5,Girls,8,74,"-1,40"
803,5,Girls,10,76,"-1,30"
804,5,Girls,12,77,"-1,20"
805,5,Girls,14,79,"-1,10"
806,5,Girls,16,80,"-1,00"
807,5,Girls,18,82,"-0,90"
808,5,Girls,20,83,"-0,83"
809,5,Girls,22,85,"-0,70"
810,5,Girls,24,86,"-0,65"
811,5,Girls,26,86,"-0,60"
812.5,Girls,28,87,"-0,55"
813,5,Girls,30,88,"-0,50"
814,5,Girls,32,89,"-0,45"
815,5,Girls,34,90,"-0,40"
816,5,Girls,36,90,"-0,35"
817,5,Girls,38,91,"-0,30"
818,5,Girls,40,92,"-0,25"
819,5,Girls,42,93,"-0,20"
820,5,Girls,44,93,"-0,15"
821,5,Girls,46,94,"-0,10"
822.5,Girls,48,95,"-0,05"
823,5,Girls,50,96,"0,00"
824,5,Girls,52,96,"0,05"
825,5,Girls,54,97,"0,10"
826,5,Girls,56,98,"0,15"
827,5,Girls,58,99,"0,20"
828,5,Girls,60,99,"0,25"
829,5,Girls,62,100,"0,30"
830,5,Girls,64,101,"0,35"
831,5,Girls,66,102,"0,40"
832.5,Girls,68,103,"0,45"
833,5,Girls,70,103,"0,50"
834,5,Girls,72,104,"0,55"
835,5,Girls,74,105,"0,60"
836,5,Girls,76,106,"0,65"
837,5,Girls,78,106,"0,70"
838,5,Girls,80,108,"0,83"
839,5,Girls,82,109,"0,90"
840,5,Girls,84,111,"1,00"
841,5,Girls,86,112,"1,10"
842.5,Girls,88,114,"1,20"
843,5,Girls,90,116,"1,30"
844,5,Girls,92,117,"1,40"
845,5,Girls,93,119,"1,50"
846,5,Girls,94,120,"1,60"
847,5,Girls,96,123,"1,80"
848,5,Girls,"97,5",126,"2,00"
849,5,Girls,">99.5",142,">3,0"
850,6,Girls,"<0.5",54,"<-3,0"
851,6,Girls,"2.5",71,"-2,00"
852,6,Girls,4,74,"-1,80"
853,6,Girls,6,77,"-1,60"
854,6,Girls,7,79,"-1,50"
855,6,Girls,8,81,"-1,40"
856,6,Girls,10,82,"-1,30"
857,6,Girls,12,84,"-1,20"
858,6,Girls,14,86,"-1,10"
859,6,Girls,16,87,"-1,00"
860,6,Girls,18,89,"-0,90"
861,6,Girls,20,90,"-0,83"
862,6,Girls,22,92,"-0,70"
863,6,Girls,24,93,"-0,65"
864,6,Girls,26,94,"-0,60"
865,6,Girls,28,95,"-0,55"
866,6,Girls,30,96,"-0,50"
867,6,Girls,32,96,"-0,45"
868,6,Girls,34,97,"-0,40"
869,6,Girls,36,98,"-0,35"
870,6,Girls,38,99,"-0,30"
871,6,Girls,40,100,"-0,25"
872,6,Girls,42,101,"-0,20"
873,6,Girls,44,101,"-0,15"
874,6,Girls,46,102,"-0,10"
875,6,Girls,48,103,"-0,05"
876,6,Girls,50,104,"0,00"
877,6,Girls,52,105,"0,05"
878,6,Girls,54,106,"0,10"
879,6,Girls,56,106,"0,15"
880,6,Girls,58,107,"0,20"
881,6,Girls,60,108,"0,25"
882,6,Girls,62,109,"0,30"
883,6,Girls,64,110,"0,35"
884,6,Girls,66,111,"0,40"
885,6,Girls,68,111,"0,45"
886,6,Girls,70,112,"0,50"
887,6,Girls,72,113,"0,55"
888,6,Girls,74,114,"0,60"
889,6,Girls,76,115,"0,65"
890,6,Girls,78,116,"0,70"
891,6,Girls,80,118,"0,83"
892,6,Girls,82,119,"0,90"
893,6,Girls,84,120,"1,00"
894,6,Girls,86,122,"1,10"
895,6,Girls,88,124,"1,20"
896,6,Girls,90,125,"1,30"
897,6,Girls,92,127,"1,40"
898,6,Girls,93,129,"1,50"
899,6,Girls,94,130,"1,60"
900,6,Girls,96,134,"1,80"
901,6,Girls,"97,5",137,"2,00"
902,6,Girls,">99.5",154,">3,0"
903,7,Girls,"<0.5",58,"<-3,0"
904,7,Girls,"2.5",76,"-2,00"
905,7,Girls,4,80,"-1,80"
906,7,Girls,6,83,"-1,60"
907,7,Girls,7,85,"-1,50"
908,7,Girls,8,87,"-1,40"
909,7,Girls,10,89,"-1,30"
910,7,Girls,12,91,"-1,20"
911,7,Girls,14,92,"-1,10"
912,7,Girls,16,94,"-1,00"
913,7,Girls,18,96,"-0,90"
914,7,Girls,20,97,"-0,83"
915,7,Girls,22,100,"-0,70"
916,7,Girls,24,100,"-0,65"
917,7,Girls,26,101,"-0,60"
918,7,Girls,28,102,"-0,55"
919,7,Girls,30,103,"-0,50"
920,7,Girls,32,104,"-0,45"
921,7,Girls,34,105,"-0,40"
922,7,Girls,36,106,"-0,35"
923,7,Girls,38,107,"-0,30"
924,7,Girls,40,108,"-0,25"
925,7,Girls,42,109,"-0,20"
926,7,Girls,44,109,"-0,15"
927,7,Girls,46,110,"-0,10"
928,7,Girls,48,111,"-0,05"
929,7,Girls,50,112,"0,00"
930,7,Girls,52,113,"0,05"
931,7,Girls,54,114,"0,10"
932,7,Girls,56,115,"0,15"
933,7,Girls,58,116,"0,20"
934,7,Girls,60,117,"0,25"
935,7,Girls,62,118,"0,30"
936,7,Girls,64,118,"0,35"
937,7,Girls,66,119,"0,40"
938,7,Girls,68,120,"0,45"
939,7,Girls,70,121,"0,50"
940,7,Girls,72,122,"0,55"
941,7,Girls,74,123,"0,60"
942,7,Girls,76,124,"0,65"
943,7,Girls,78,125,"0,70"
944,7,Girls,80,128,"0,83"
945,7,Girls,82,129,"0,90"
946,7,Girls,84,130,"1,00"
947,7,Girls,86,132,"1,10"
948,7,Girls,88,134,"1,20"
949,7,Girls,90,135,"1,30"
950,7,Girls,92,137,"1,40"
951,7,Girls,93,139,"1,50"
952,7,Girls,94,141,"1,60"
953,7,Girls,96,144,"1,80"
954,7,Girls,"97,5",148,"2,00"
955,7,Girls,">99.5",166,">3,0"
956,8,Girls,"<0.5",63,"<-3,0"
957,8,Girls,"2.5",82,"-2,00"
958,8,Girls,4,86,"-1,80"
959,8,Girls,6,90,"-1,60"
960,8,Girls,7,91,"-1,50"
961,8,Girls,8,93,"-1,40"
962,8,Girls,10,95,"-1,30"
963,8,Girls,12,97,"-1,20"
964,8,Girls,14,99,"-1,10"
965,8,Girls,16,101,"-1,00"
966,8,Girls,18,103,"-0,90"
967,8,Girls,20,106,"-0,83"
968,8,Girls,22,107,"-0,70"
969,8,Girls,24,108,"-0,65"
970,8,Girls,26,109,"-0,60"
971,8,Girls,28,110,"-0,55"
972,8,Girls,30,111,"-0,50"
973,8,Girls,32,112,"-0,45"
974,8,Girls,34,113,"-0,40"
975,8,Girls,36,114,"-0,35"
976,8,Girls,38,115,"-0,30"
977,8,Girls,40,117,"-0,25"
978,8,Girls,42,118,"-0,20"
979,8,Girls,44,118,"-0,15"
980,8,Girls,46,118,"-0,10"
981,8,Girls,48,119,"-0,05"
982,8,Girls,50,120,"0,00"
983,8,Girls,52,121,"0,05"
984,8,Girls,54,122,"0,10"
985,8,Girls,56,123,"0,15"
986,8,Girls,58,124,"0,20"
987,8,Girls,60,125,"0,25"
988,8,Girls,62,126,"0,30"
989,8,Girls,64,127,"0,35"
990,8,Girls,66,128,"0,40"
991,8,Girls,68,129,"0,45"
992,8,Girls,70,130,"0,50"
993,8,Girls,72,131,"0,55"
994,8,Girls,74,132,"0,60"
995,8,Girls,76,133,"0,65"
996,8,Girls,78,134,"0,70"
997,8,Girls,80,136,"0,83"
998,8,Girls,82,138,"0,90"
999,8,Girls,84,140,"1,00"
1000,8,Girls,86,141,"1,10"
1001,8,Girls,88,143,"1,20"
1002,8,Girls,90,145,"1,30"
1003,8,Girls,92,147,"1,40"
1004,8,Girls,93,149,"1,50"
1005,8,Girls,94,151,"1,60"
1006,8,Girls,96,155,"1,80"
1007,8,Girls,"97,5",159,"2,00"
1008,8,Girls,">99.5",178,">3,0"
1009,9,Girls,"<0.5",67,"<-3,0"
1010,9,Girls,"2.5",87,"-2,00"
1011,9,Girls,4,92,"-1,80"
1012,9,Girls,6,96,"-1,60"
1013,9,Girls,7,98,"-1,50"
1014,9,Girls,8,100,"-1,40"
1015,9,Girls,10,102,"-1,30"
1016,9,Girls,12,104,"-1,20"
1017,9,Girls,14,106,"-1,10"
1018,9,Girls,16,108,"-1,00"
1019,9,Girls,18,110,"-0,90"
1020,9,Girls,20,111,"-0,83"
1021,9,Girls,22,114,"-0,70"
1022,9,Girls,24,115,"-0,65"
1023,9,Girls,26,116,"-0,60"
1024,9,Girls,28,117,"-0,55"
1025,9,Girls,30,118,"-0,50"
1026,9,Girls,32,119,"-0,45"
1027,9,Girls,34,120,"-0,40"
1028,9,Girls,36,121,"-0,35"
1029,9,Girls,38,122,"-0,30"
1030,9,Girls,40,123,"-0,25"
1031,9,Girls,42,124,"-0,20"
1032,9,Girls,44,125,"-0,15"
1033,9,Girls,46,126,"-0,10"
1034,9,Girls,48,128,"-0,05"
1035,9,Girls,50,129,"0,00"
1036,9,Girls,52,130,"0,05"
1037,9,Girls,54,131,"0,10"
1038,9,Girls,56,132,"0,15"
1039,9,Girls,58,133,"0,20"
1040,9,Girls,60,134,"0,25"
1041,9,Girls,62,135,"0,30"
1042,9,Girls,64,136,"0,35"
1043,9,Girls,66,137,"0,40"
1044,9,Girls,68,138,"0,45"
1045,9,Girls,70,139,"0,50"
1046,9,Girls,72,140,"0,55"
1047,9,Girls,74,141,"0,60"
1048,9,Girls,76,142,"0,65"
1049,9,Girls,78,143,"0,70"
1050,9,Girls,80,146,"0,83"
1051,9,Girls,82,147,"0,90"
1052,9,Girls,84,149,"1,00"
1053,9,Girls,86,151,"1,10"
1054,9,Girls,88,153,"1,20"
1055,9,Girls,90,155,"1,30"
1056,9,Girls,92,157,"1,40"
1057,9,Girls,93,159,"1,50"
1058,9,Girls,94,161,"1,60"
1059,9,Girls,96,166,"1,80"
1060,9,Girls,"97,5",170,"2,00"
1061,9,Girls,">99.5",190,">3,0"
1062,10,Girls,"<0.5",71,"<-3,0"
1063,10,Girls,"2.5",93,"-2,00"
1064,10,Girls,4,97,"-1,80"
1065,10,Girls,6,102,"-1,60"
1066,10,Girls,7,104,"-1,50"
1067,10,Girls,8,106,"-1,40"
1068,10,Girls,10,108,"-1,30"
1069,10,Girls,12,111,"-1,20"
1070,10,Girls,14,113,"-1,10"
1071,10,Girls,16,115,"-1,00"
1072,10,Girls,18,117,"-0,90"
1073,10,Girls,20,119,"-0,83"
1074,10,Girls,22,121,"-0,70"
1075,10,Girls,24,123,"-0,65"
1076,10,Girls,26,124,"-0,60"
1077,10,Girls,28,125,"-0,55"
1078,10,Girls,30,126,"-0,50"
1079,10,Girls,32,127,"-0,45"
1080,10,Girls,34,128,"-0,40"
1081,10,Girls,36,129,"-0,35"
1082,10,Girls,38,130,"-0,30"
1083,10,Girls,40,131,"-0,25"
1084,10,Girls,42,132,"-0,20"
1085,10,Girls,44,133,"-0,15"
1086,10,Girls,46,135,"-0,10"
1087,10,Girls,48,136,"-0,05"
1088,10,Girls,50,137,"0,00"
1089,10,Girls,52,138,"0,05"
1090,10,Girls,54,139,"0,10"
1091,10,Girls,56,140,"0,15"
1092,10,Girls,58,141,"0,20"
1093,10,Girls,60,142,"0,25"
1094,10,Girls,62,143,"0,30"
1095,10,Girls,64,144,"0,35"
1096,10,Girls,66,146,"0,40"
1097,10,Girls,68,147,"0,45"
1098,10,Girls,70,148,"0,50"
1099,10,Girls,72,149,"0,55"
1100,10,Girls,74,150,"0,60"
1101,10,Girls,76,151,"0,65"
1102,10,Girls,78,152,"0,70"
1103,10,Girls,80,154,"0,83"
1104,10,Girls,82,156,"0,90"
1105,10,Girls,84,159,"1,00"
1106,10,Girls,86,161,"1,10"
1107,10,Girls,88,163,"1,20"
1108,10,Girls,90,165,"1,30"
1109,10,Girls,92,167,"1,40"
1110,10,Girls,93,170,"1,50"
1111,10,Girls,94,172,"1,60"
1112,10,Girls,96,176,"1,80"
1113,10,Girls,"97,5",181,"2,00"
1114,10,Girls,">99.5",202,">3,0"
1115,11,Girls,"<0.5",75,"<-3,0"
1116,11,Girls,"2.5",99,"-2,00"
1117,11,Girls,4,103,"-1,80"
1118,11,Girls,6,108,"-1,60"
1119,11,Girls,7,110,"-1,50"
1120,11,Girls,8,113,"-1,40"
1121,11,Girls,10,115,"-1,30"
1122,11,Girls,12,117,"-1,20"
1123,11,Girls,14,119,"-1,10"
1124,11,Girls,16,122,"-1,00"
1125,11,Girls,18,124,"-0,90"
1126,11,Girls,20,126,"-0,83"
1127,11,Girls,22,129,"-0,70"
1128,11,Girls,24,130,"-0,65"
1129,11,Girls,26,131,"-0,60"
1130,11,Girls,28,132,"-0,55"
1131,11,Girls,30,133,"-0,50"
1132,11,Girls,32,135,"-0,45"
1133,11,Girls,34,136,"-0,40"
1134,11,Girls,36,137,"-0,35"
1135,11,Girls,38,138,"-0,30"
1136,11,Girls,40,139,"-0,25"
1137,11,Girls,42,140,"-0,20"
1138,11,Girls,44,142,"-0,15"
1139,11,Girls,46,143,"-0,10"
1140,11,Girls,48,144,"-0,05"
1141,11,Girls,50,145,"0,00"
1142,11,Girls,52,146,"0,05"
1143,11,Girls,54,147,"0,10"
1144,11,Girls,56,148,"0,15"
1145,11,Girls,58,150,"0,20"
1146,11,Girls,60,151,"0,25"
1147,11,Girls,62,152,"0,30"
1148,11,Girls,64,153,"0,35"
1149,11,Girls,66,154,"0,40"
1150,11,Girls,68,155,"0,45"
1151,11,Girls,70,157,"0,50"
1152,11,Girls,72,158,"0,55"
1153,11,Girls,74,159,"0,60"
1154,11,Girls,76,160,"0,65"
1155,11,Girls,78,161,"0,70"
1156,11,Girls,80,164,"0,83"
1157,11,Girls,82,166,"0,90"
1158,11,Girls,84,168,"1,00"
1159,11,Girls,86,171,"1,10"
1160,11,Girls,88,173,"1,20"
1161,11,Girls,90,175,"1,30"
1162,11,Girls,92,177,"1,40"
1163,11,Girls,93,180,"1,50"
1164,11,Girls,94,182,"1,60"
1165,11,Girls,96,187,"1,80"
1166,11,Girls,"97,5",191,"2,00"
1167,11,Girls,">99.5",215,">3,0"
1168,12,Girls,"<0.5",79,"<-3,0"
1169,12,Girls,"2.5",103,"-2,00"
1170,12,Girls,4,108,"-1,80"
1171,12,Girls,6,113,"-1,60"
1172,12,Girls,7,115,"-1,50"
1173,12,Girls,8,118,"-1,40"
1174,12,Girls,10,120,"-1,30"
1175,12,Girls,12,122,"-1,20"
1176,12,Girls,14,125,"-1,10"
1177,12,Girls,16,127,"-1,00"
1178,12,Girls,18,130,"-0,90"
1179,12,Girls,20,131,"-0,83"
1180,12,Girls,22,135,"-0,70"
1181,12,Girls,24,136,"-0,65"
1182,12,Girls,26,137,"-0,60"
1183,12,Girls,28,138,"-0,55"
1184,12,Girls,30,139,"-0,50"
1185,12,Girls,32,141,"-0,45"
1186,12,Girls,34,142,"-0,40"
1187,12,Girls,36,143,"-0,35"
1188,12,Girls,38,144,"-0,30"
1189,12,Girls,40,146,"-0,25"
1190,12,Girls,42,147,"-0,20"
1191,12,Girls,44,148,"-0,15"
1192,12,Girls,46,149,"-0,10"
1193,12,Girls,48,150,"-0,05"
1194,12,Girls,50,152,"0,00"
1195,12,Girls,52,153,"0,05"
1196,12,Girls,54,154,"0,10"
1197,12,Girls,56,155,"0,15"
1198,12,Girls,58,156,"0,20"
1199,12,Girls,60,158,"0,25"
1200,12,Girls,62,159,"0,30"
1201,12,Girls,64,160,"0,35"
1202,12,Girls,66,161,"0,40"
1203,12,Girls,68,162,"0,45"
1204,12,Girls,70,164,"0,50"
1205,12,Girls,72,165,"0,55"
1206,12,Girls,74,166,"0,60"
1207,12,Girls,76,167,"0,65"
1208,12,Girls,78,169,"0,70"
1209,12,Girls,80,172,"0,83"
1210,12,Girls,82,173,"0,90"
1211,12,Girls,84,176,"1,00"
1212,12,Girls,86,178,"1,10"
1213,12,Girls,88,181,"1,20"
1214,12,Girls,90,183,"1,30"
1215,12,Girls,92,186,"1,40"
1216,12,Girls,93,188,"1,50"
1217,12,Girls,94,190,"1,60"
1218,12,Girls,96,195,"1,80"
1219,12,Girls,"97,5",200,"2,00"
1220,12,Girls,">99.5",224,">3,0"
1221,13,Girls,"<0.5",79,"<-3,0"
1222,13,Girls,"2.5",103,"-2,00"
1223,13,Girls,4,108,"-1,80"
1224,13,Girls,6,113,"-1,60"
1225,13,Girls,7,115,"-1,50"
1226,13,Girls,8,118,"-1,40"
1227,13,Girls,10,120,"-1,30"
1228,13,Girls,12,122,"-1,20"
1229,13,Girls,14,125,"-1,10"
1230,13,Girls,16,127,"-1,00"
1231,13,Girls,18,130,"-0,90"
1232,13,Girls,20,131,"-0,83"
1233,13,Girls,22,135,"-0,70"
1234,13,Girls,24,136,"-0,65"
1235,13,Girls,26,137,"-0,60"
1236,13,Girls,28,138,"-0,55"
1237,13,Girls,30,139,"-0,50"
1238,13,Girls,32,141,"-0,45"
1239,13,Girls,34,142,"-0,40"
1240,13,Girls,36,143,"-0,35"
1241,13,Girls,38,144,"-0,30"
1242,13,Girls,40,146,"-0,25"
1243,13,Girls,42,147,"-0,20"
1244,13,Girls,44,148,"-0,15"
1245,13,Girls,46,149,"-0,10"
1246,13,Girls,48,150,"-0,05"
1247,13,Girls,50,152,"0,00"
1248,13,Girls,52,153,"0,05"
1249,13,Girls,54,154,"0,10"
1250,13,Girls,56,155,"0,15"
1251,13,Girls,58,156,"0,20"
1252,13,Girls,60,158,"0,25"
1253,13,Girls,62,159,"0,30"
1254,13,Girls,64,160,"0,35"
1255,13,Girls,66,161,"0,40"
1256,13,Girls,68,162,"0,45"
1257,13,Girls,70,164,"0,50"
1258,13,Girls,72,165,"0,55"
1259,13,Girls,74,166,"0,60"
1260,13,Girls,76,167,"0,65"
1261,13,Girls,78,169,"0,70"
1262,13,Girls,80,172,"0,83"
1263,13,Girls,82,173,"0,90"
1264,13,Girls,84,176,"1,00"
1265,13,Girls,86,178,"1,10"
1266,13,Girls,88,181,"1,20"
1267,13,Girls,90,183,"1,30"
1268,13,Girls,92,186,"1,40"
1269,13,Girls,93,188,"1,50"
1270,13,Girls,94,190,"1,60"
1271,13,Girls,96,195,"1,80"
1272,13,Girls,"97,5",200,"2,00"
1273,13,Girls,">99.5",224,">3,0"
1274,14,Girls,"<0.5",79,"<-3,0"
1275,14,Girls,"2.5",103,"-2,00"
1276,14,Girls,4,108,"-1,80"
1277,14,Girls,6,113,"-1,60"
1278,14,Girls,7,115,"-1,50"
1279,14,Girls,8,118,"-1,40"
1280,14,Girls,10,120,"-1,30"
1281,14,Girls,12,122,"-1,20"
1282,14,Girls,14,125,"-1,10"
1283,14,Girls,16,127,"-1,00"
1284,14,Girls,18,130,"-0,90"
1285,14,Girls,20,131,"-0,83"
1286,14,Girls,22,135,"-0,70"
1287,14,Girls,24,136,"-0,65"
1288,14,Girls,26,137,"-0,60"
1289,14,Girls,28,138,"-0,55"
1290,14,Girls,30,139,"-0,50"
1291,14,Girls,32,141,"-0,45"
1292,14,Girls,34,142,"-0,40"
1293,14,Girls,36,143,"-0,35"
1294,14,Girls,38,144,"-0,30"
1295,14,Girls,40,148,"-0,25"
1296,14,Girls,42,149,"-0,20"
1297,14,Girls,44,149,"-0,15"
1298,14,Girls,46,149,"-0,10"
1299,14,Girls,48,150,"-0,05"
1300,14,Girls,50,152,"0,00"
1301,14,Girls,52,153,"0,05"
1302,14,Girls,54,154,"0,10"
1303,14,Girls,56,155,"0,15"
1304,14,Girls,58,156,"0,20"
1305,14,Girls,60,156,"0,25"
1306,14,Girls,62,159,"0,30"
1307,14,Girls,64,160,"0,35"
1308,14,Girls,66,161,"0,40"
1309,14,Girls,68,162,"0,45"
1310,14,Girls,70,164,"0,50"
1311,14,Girls,72,165,"0,55"
1312,14,Girls,74,166,"0,60"
1313,14,Girls,76,167,"0,65"
1314,14,Girls,78,169,"0,70"
1315,14,Girls,80,172,"0,83"
1316,14,Girls,82,173,"0,90"
1317,14,Girls,84,176,"1,00"
1318,14,Girls,86,178,"1,10"
1319,14,Girls,88,181,"1,20"
1320,14,Girls,90,183,"1,30"
1321,14,Girls,92,186,"1,40"
1322,14,Girls,93,188,"1,50"
1323,14,Girls,94,190,"1,60"
1324,14,Girls,96,195,"1,80"
1325,14,Girls,"97,5",200,"2,00"
1326,14,Girls,">99.5",224,">3,0"
1327,15,Girls,"<0.5",79,"<-3,0"
1328,15,Girls,"2.5",103,"-2,00"
1329,15,Girls,4,108,"-1,80"
1330,15,Girls,6,113,"-1,60"
1331,15,Girls,7,115,"-1,50"
1332,15,Girls,8,118,"-1,40"
1333,15,Girls,10,120,"-1,30"
1334,15,Girls,12,122,"-1,20"
1335,15,Girls,14,125,"-1,10"
1336,15,Girls,16,127,"-1,00"
1337,15,Girls,18,130,"-0,90"
1338,15,Girls,20,131,"-0,83"
1339,15,Girls,22,135,"-0,70"
1340,15,Girls,24,136,"-0,65"
1341,15,Girls,26,137,"-0,60"
1342,15,Girls,28,138,"-0,55"
1343,15,Girls,30,139,"-0,50"
1344,15,Girls,32,141,"-0,45"
1345,15,Girls,34,142,"-0,40"
1346,15,Girls,36,143,"-0,35"
1347,15,Girls,38,144,"-0,30"
1348,15,Girls,40,146,"-0,25"
1349,15,Girls,42,147,"-0,20"
1350,15,Girls,44,148,"-0,15"
1351,15,Girls,46,149,"-0,10"
1352,15,Girls,48,150,"-0,05"
1353,15,Girls,50,152,"0,00"
1354,15,Girls,52,153,"0,05"
1355,15,Girls,54,154,"0,10"
1356,15,Girls,56,155,"0,15"
1357,15,Girls,58,156,"0,20"
1358,15,Girls,60,158,"0,25"
1359,15,Girls,62,159,"0,30"
1360,15,Girls,64,160,"0,35"
1361,15,Girls,66,161,"0,40"
1362,15,Girls,68,162,"0,45"
1363,15,Girls,70,164,"0,50"
1364,15,Girls,72,165,"0,55"
1365,15,Girls,74,166,"0,60"
1366,15,Girls,76,167,"0,65"
1367,15,Girls,78,169,"0,70"
1368,15,Girls,80,172,"0,83"
1369,15,Girls,82,173,"0,90"
1370,15,Girls,84,176,"1,00"
1371,15,Girls,86,178,"1,10"
1372,15,Girls,88,181,"1,20"
1373,15,Girls,90,183,"1,30"
1374,15,Girls,92,186,"1,40"
1375,15,Girls,93,188,"1,50"
1376,15,Girls,94,190,"1,60"
1377,15,Girls,96,195,"1,80"
1378,15,Girls,"97,5",200,"2,00"
1379,15,Girls,">99.5",224,">3,0"
1380,16,Girls,"<0.5",79,"<-3,0"
1381,16,Girls,"2.5",103,"-2,00"
1382,16,Girls,4,108,"-1,80"
1383,16,Girls,6,113,"-1,60"
1384,16,Girls,7,115,"-1,50"
1385,16,Girls,8,118,"-1,40"
1386,16,Girls,10,120,"-1,30"
1387,16,Girls,12,122,"-1,20"
1388,16,Girls,14,125,"-1,10"
1389,16,Girls,16,127,"-1,00"
1390,16,Girls,18,130,"-0,90"
1391,16,Girls,20,131,"-0,83"
1392,16,Girls,22,135,"-0,70"
1393,16,Girls,24,136,"-0,65"
1394,16,Girls,26,137,"-0,60"
1395,16,Girls,28,138,"-0,55"
1396,16,Girls,30,139,"-0,50"
1397,16,Girls,32,141,"-0,45"
1398,16,Girls,34,142,"-0,40"
1399,16,Girls,36,143,"-0,35"
1400,16,Girls,38,144,"-0,30"
1401,16,Girls,40,146,"-0,25"
1402,16,Girls,42,147,"-0,20"
1403,16,Girls,44,148,"-0,15"
1404,16,Girls,46,149,"-0,10"
1405,16,Girls,48,150,"-0,05"
1406,16,Girls,50,152,"0,00"
1407,16,Girls,52,153,"0,05"
1408,16,Girls,54,154,"0,10"
1409,16,Girls,56,155,"0,15"
1410,16,Girls,58,156,"0,20"
1411,16,Girls,60,158,"0,25"
1412,16,Girls,62,159,"0,30"
1413,16,Girls,64,160,"0,35"
1414,16,Girls,66,161,"0,40"
1415,16,Girls,68,162,"0,45"
1416,16,Girls,70,164,"0,50"
1417,16,Girls,72,165,"0,55"
1418,16,Girls,74,166,"0,60"
1419,16,Girls,76,167,"0,65"
1420,16,Girls,78,169,"0,70"
1421,16,Girls,80,175,"0,83"
1422,16,Girls,82,176,"0,90"
1423,16,Girls,84,176,"1,00"
1424,16,Girls,86,178,"1,10"
1425,16,Girls,88,181,"1,20"
1426,16,Girls,90,183,"1,30"
1427,16,Girls,92,186,"1,40"
1428,16,Girls,93,188,"1,50"
1429,16,Girls,94,190,"1,60"
1430,16,Girls,96,195,"1,80"
1431,16,Girls,"97,5",200,"2,00"
1432,16,Girls,">99.5",224,">3,0"
1433,17,Girls,"<0.5",79,"<-3,0"
1434,17,Girls,"2.5",103,"-2,00"
1435,17,Girls,4,108,"-1,80"
1436,17,Girls,6,113,"-1,60"
1437,17,Girls,7,115,"-1,50"
1438,17,Girls,8,118,"-1,40"
1439,17,Girls,10,120,"-1,30"
1440,17,Girls,12,122,"-1,20"
1441,17,Girls,14,125,"-1,10"
1442,17,Girls,16,127,"-1,00"
1443,17,Girls,18,130,"-0,90"
1444,17,Girls,20,131,"-0,83"
1445,17,Girls,22,135,"-0,70"
1446,17,Girls,24,136,"-0,65"
1447,17,Girls,26,137,"-0,60"
1448,17,Girls,28,138,"-0,55"
1449,17,Girls,30,139,"-0,50"
1450,17,Girls,32,141,"-0,45"
1451,17,Girls,34,142,"-0,40"
1452,17,Girls,36,143,"-0,35"
1453,17,Girls,38,144,"-0,30"
1454,17,Girls,40,146,"-0,25"
1455,17,Girls,42,147,"-0,20"
1456,17,Girls,44,148,"-0,15"
1457,17,Girls,46,149,"-0,10"
1458,17,Girls,48,150,"-0,05"
1459,17,Girls,50,152,"0,00"
1460,17,Girls,52,153,"0,05"
1461,17,Girls,54,154,"0,10"
1462,17,Girls,56,155,"0,15"
1463,17,Girls,58,156,"0,20"
1464,17,Girls,60,158,"0,25"
1465,17,Girls,62,159,"0,30"
1466,17,Girls,64,160,"0,35"
1467,17,Girls,66,161,"0,40"
1468,17,Girls,68,162,"0,45"
1469,17,Girls,70,164,"0,50"
1470,17,Girls,72,165,"0,55"
1471,17,Girls,74,166,"0,60"
1472,17,Girls,76,167,"0,65"
1473,17,Girls,78,169,"0,70"
1474,17,Girls,80,172,"0,83"
1475,17,Girls,82,173,"0,90"
1476,17,Girls,84,176,"1,00"
1477,17,Girls,86,178,"1,10"
1478,17,Girls,88,181,"1,20"
1479,17,Girls,90,183,"1,30"
1480,17,Girls,92,186,"1,40"
1481,17,Girls,93,188,"1,50"
1482,17,Girls,94,190,"1,60"
1483,17,Girls,96,195,"1,80"
1484,17,Girls,"97,5",200,"2,00"
1485,17,Girls,">99.5",224,">3,0"
